50s,60s,70s,80s,90s,00s,10s
Elvis Presley,Frank Sinatra,The Beatles,Michael Jackson,Jennifer Lopez,Eminem,Billie Eilish
Brian Hyland,Neil Diamond,Led Zeppelin,Bon Jovi,Mariah Carey,Taylor Swift,Post Malone
Ray Charles,Elvis Presley,Donny Hathaway,Steve Winwood,Bon Jovi,JAY-Z,Pitbull
The Everly Brothers,Gerry & The Pacemakers,Suzi Quatro,Peter Cetera,Snoop Dogg,Jason Derulo,Justin Bieber
Paul Anka,Duke Ellington,Carpenters,Michael Sembello,Gigi D'Agostino,Alicia Keys,Drake
Dion & The Belmonts,Van Morrison,Bachman-Turner Overdrive,Europe,Destiny's Child,Linkin Park,Maroon 5
The Chords,Scott Walker,Elvis Presley,The Weather Girls,Boyzone,Bruno Mars,ZAYN
Johnny Maestro,Lorne Greene,John Lennon,Ambrosia,Alice DJ,Chamillionaire,Clean Bandit
The Crew Cuts,Alice Coltrane,UFO,Glenn Medeiros,Eiffel 65,Nickelback,David Guetta
Bobby Vee,Karen Dalton,Commodores,Yazoo,Sisqo,Cascada,Martin Garrix
